Reviewer,Review Title ,Date,Rating
SSledd,Exceptional stay,24-Jul-17,5
kamby,Wonderful stay at Trump International,24-Feb-17,5
22gigih,Trump Doesn't Dissapoint!,24-Jul-17,5
Lawilahd,Excellent,24-Jul-17,4
JenDaveML,Trumped!,24-Jul-17,5
amandarN9171HH,Pure Luxury,17-Jul-17,5
Geoff B,Outstanding Service. Period.,17-Jul-17,5
Mike F,Terrific hotel all the way around  Trump or no Trump.,17-Jul-17,5
Mick66622,Great hotel. The best gym ever!!!!!,10-Jul-17,5
Jim E,Excellent service and property,10-Jul-17,5
Canadian-hotel-guru,Trump NYC Hotel a Joke,10-Jul-17,1
Mom24b,Don't waste your money,10-Jul-17,1
clarkc497,Top Notch ... all the way,10-Jul-17,5
kkw42107,NYC family vacation,10-Jul-17,5
TravelBugN,Fantastic Stay,10-Jul-17,5
dcpoolguy,Average Hotel Good Location,3-Jul-17,3
redatl,Picturesque location & superior service!,26-Jun-17,5
M L,Top Trump hotel!,26-Jun-17,5
Killerc,Birthday ruined,23-Jun-17,2
yes2travel,Over the top GREAT!,22-Jun-17,5
Mick140,Best staff in NYC,21-Jun-17,5
VeroRead,Arrogance,18-Jun-17,1
KiaoraAotearoa,Simply awesome,18-Jun-17,5
L L,Great rooms  rates  superb location  excellent service,15-Jun-17,5
vilma marianel... e,Best hotel i ever stayed,8-Jun-17,5
Guillermo P,Expensive for such a bad service,6-Jun-17,2
Lesley P,Great stay at Trump Towers,5-Jun-17,5
LeighannaTexas,Great visit!,5-Jun-17,5
SpartanTom,Far and away  the best hotel stay EVER,3-Jun-17,5
MirandaWM,Great location but old,3-Jun-17,4
nadineSomerset,Still the best,2-Jun-17,5
La_D0lce_Vita,Fantastic service  view and location!,31-May-17,5
Yagut I,Breathtaking view,30-May-17,5
120trudyd,Trump International  New York  NY,24-May-17,5
BoSveiss,Excellent Hotel,24-May-17,5
John H,Luxury overlooking Central Park,17-May-17,5
ns0404,Excellent location,17-May-17,4
kelli_ann77,Fabulous!!!,17-May-17,5
Pamela A,Sight seeing was our main purpose for this trip.,17-May-17,5
ally1012017,Great,15-May-17,5
Martin V,Great location  Nice view,11-May-17,5
Donald L,Weekend in NYC,10-May-17,4
marklU5284KM,Great Stay,10-May-17,5
700paragv,Beautiful place,6-May-17,5
Sue C,Very comfortable!,6-May-17,5
dhnc2016,Better choices in NYC,3-May-17,2
AngelaFaye74,A pleasure to visit,3-May-17,5
Angie_xx2014,Another wonderful stay,29-Apr-17,5
Begoa D,Expensive for the service that offers and small rooms,28-Apr-17,3
Mar122,The Trump Hotel is Great,21-Apr-17,5
prettypickyeater,Reception extremely rude  hangs up on you!,19-Apr-17,1
_bernadettebellas,AMAZING SERVICE!,18-Apr-17,5
U8755RXrobertf,Best NYC experience,17-Apr-17,5
RSmith1972,For that kind of money...WORST hotel I've stayed at,15-Apr-17,1
nicholasjr967,PDQ,15-Apr-17,5
A1474FHjonathanp,Fantastic,14-Apr-17,5
andyquinn,Excellent hotel,12-Apr-17,5
FlaRacer,Spectacular  Amazing Hotel!,11-Apr-17,5
Michaelkstevens,Cream de la Cream,10-Apr-17,5
Chase B,Great location  Great Hotel  Amazing Staff,30-Mar-17,5
Brad L,Spacious rooms  excellent service  wonderful location,30-Mar-17,5
JazzyMom1,Great hotel perfect location,28-Mar-17,5
JennGLasVegas,Wonderful hotel and service!,27-Mar-17,5
W4499DUjohnc,A great location at Central Park,22-Mar-17,5
DL M,Dining overated,20-Mar-17,1
michele g g,Husbands 50th,19-Mar-17,5
LillyG2013,Great property!,18-Mar-17,5
876ninag,4 nights in NYC,17-Mar-17,5
Chris C,Really wonderful hotel!,17-Mar-17,5
Y7944IOisabelled,Best hotel experience,14-Mar-17,5
The_Traveler_011,An decent hotel in a great location,14-Mar-17,3
tonys2106,Some small issues but overall it's not bad ,14-Mar-17,4
jenny12,Amazing short stay,14-Mar-17,5
MAGGI H,Blatant Racism,11-Mar-17,1
yoginj,Not worth it,11-Mar-17,1
LindaMiklo,Gaudy  tasteless & overpriced,11-Mar-17,1
Lise S,What Ridiculous Prices!,11-Mar-17,1
eugene438,Average Hotel at High End Prices,10-Mar-17,3
Chris H,Not a place I would go back to,9-Mar-17,2
Peter R,Weekend added on business,8-Mar-17,1
Sabina S,NYC weekend,6-Mar-17,4
Mick T,Honeymoon gone wrong,3-Mar-17,1
josephz42,Excellent Hotel with Excellent Service,1-Mar-17,5
edlesbub,He made hotels great again!!!,28-Feb-17,5
Vegasjoe57,Luxury at its Best right off Columbus Circle and Central Park so Nice!,27-Feb-17,5
andrewhL8336QW,Exceeds all expectations!,25-Feb-17,5
Myrnaman,President's weekend in NYC,22-Feb-17,5
StatiTati,Wonderful stay for mom  dad  and baby!,16-Feb-17,5
Morakot,Perfect location  excellent service but spa lacking,15-Feb-17,5
jycanada,First class all the way,14-Feb-17,5
E6546VMmelissah,Best place to stay. Worth the cost.,13-Feb-17,5
Calvinosaurus,Ugh. DoubleTree Quality. Four Seasons Pricing.,10-Feb-17,1
michellemarloe,This place is awesome!,9-Feb-17,5
EdgarLila,Horrible Customer Service!,9-Feb-17,2
elenihu,Wonderful Experience at the Trump International,8-Feb-17,5
Keith C,Wonderful hotel with great staff,6-Feb-17,5
415Sfgirl,Found dirty sock in bed,5-Feb-17,1
Annette R,Immaculate  posh  personalized service  second to none,3-Feb-17,5
Matthewd4578,Short trip turned into relaxing vacation,2-Feb-17,5
scott j,Beautiful Hotel,1-Feb-17,5
mdark5000,Wonderful employees!!!!!,30-Jan-17,5
tfalcs,Poor poor hotel,29-Jan-17,1
Sarah E,So overrated - This brand has really gone downhill,29-Jan-17,1
GlennG986,Best of the Best,29-Jan-17,5
69tiger888,APARTMENT OF A HOTEL,27-Jan-17,5
sworsham1590,not what i expected,27-Jan-17,1
kygy9092017,Fantastic and Amazing Hotel,26-Jan-17,5
jkaHD,Practically Perfect in Every Way,24-Jan-17,5
Sid W,crowd guard rails - Jean-Georges boarded up.. poor service,20-Jan-17,1
NYFamilyTravelMan,Kind of Hidden Gem,19-Jan-17,5
Charles W,Trump International Hotel,18-Jan-17,5
JGS1888,Ideal location,15-Jan-17,5
blueyloons,Good location  great staff but the property is tired and expensive.,15-Jan-17,3
Catscanny,Excellent Guest Service Relations,15-Jan-17,5
bgswigart,Trump hotel in NYC,14-Jan-17,5
Travel4workalot,Trump International Hotel and Tower,13-Jan-17,5
Stacey F,Sensational Room  views   service and location,13-Jan-17,5
Mkim1206,Amazing services!,12-Jan-17,5
FunDaysRMyKindOfDays,Very accommodating,12-Jan-17,5
austin_and_inna,AWSOME!!!,11-Jan-17,5
VacaRae,Best room service food Ever and incredible staff!,9-Jan-17,5
Barry G,Extremely well run hotel,5-Jan-17,5
Katja P,New Year's Eve,5-Jan-17,5
lucylucy101,Great location,1-Jan-17,4
Travelprofessor_10,Tacky,1-Jan-17,1
Andrena F,Staff was wonderful,29-Dec-16,5
oct31fri13,LUXURY AT ITS FINEST. BEST HOTEL IN NYC,28-Dec-16,5
eb29464,Christmas in New York.,23-Dec-16,5
FoodiLover33305,Over Rated!,22-Dec-16,1
law92284,Great getaway!,22-Dec-16,5
R6726RDmarkm,Fantastic accommodations with world class service,21-Dec-16,5
BigMack1111,Unreal!!!,18-Dec-16,5
Michael F,A lovely location to take in NYC,18-Dec-16,5
Mick J,Termendous,16-Dec-16,5
Snooge42,Location  location  location,15-Dec-16,5
MaryBurns1990,Old  tacky  over-priced,12-Dec-16,1
James S,very nice,11-Dec-16,5
Avril V,Pre Christmas break,9-Dec-16,4
John E,Excellent Hotel,8-Dec-16,5
Leslee E,Excellent as usual,8-Dec-16,5
Sherry E,My absolute favorite hotel in New York City!,6-Dec-16,5
yellowjellybeans,Gorgeous place but lots of security,4-Dec-16,3
christiant479,A great hotel,1-Dec-16,4
Annie T,Best staff!!! Gorgeous views,30-Nov-16,5
frankmY4200OI,Great Hosts ,27-Nov-16,5
Klz92Colleenz,Thanksgiving memory,26-Nov-16,5
Atsushi I,Best location and luxury room,25-Nov-16,5
dwrack,Felt fake and chintzy.,22-Nov-16,1
mikechado,Horrif,22-Nov-16,1
debsdebomb,Outstanding in every way,21-Nov-16,5
ohashem1,My third stay in a year,19-Nov-16,5
hoangJudy,Trump towers is no. 1,18-Nov-16,5
pmurt2016,Without question  the best choice!,18-Nov-16,5
shelly m,Not a 5 star service hotel,16-Nov-16,1
Sirai1,A very welcome break  without kids ,15-Nov-16,5
LuxuriousRox,Amazing location! Great service,15-Nov-16,4
linda m,There are better in Manhatten,7-Nov-16,3
cerberus14,Great view  nice staff nice room  great location,6-Nov-16,5
Victoria V,Classic sophistication with tranquil views!,31-Oct-16,5
disneyland1955,Trump Towers never disappoint,31-Oct-16,5
MandLMoosic,Donald Trump's Hotel.....the BEST! Great rooms  service  restaurant  and all!!,28-Oct-16,5
drkat,The BEST!,25-Oct-16,5
Dan F,Great Views of Central Park,22-Oct-16,4
Grumpy1811,Amazing location  abysmal wifi,19-Oct-16,3
Reuven Ronnen T,Very Good  Not Great,18-Oct-16,4
richard p,Very nice stay,15-Oct-16,5
twilson464,Trump International Hotel Central Park- Great Experience,13-Oct-16,4
phildrin,Late check in spoilt it,12-Oct-16,2
N2781SEamya,So bad - ruined our vacation,11-Oct-16,1
Mary H,Don't even bother,7-Oct-16,1
168rona,Excellent hotel,6-Oct-16,5
CraigBuchanan2016,Trump with my daughter,6-Oct-16,5
matthewjaxbeaches,Like you expect  but better,6-Oct-16,5
shakiraisreal,Expensive,4-Oct-16,4
Jennie7777,Simply Fantastic,3-Oct-16,5
Samuel W,Nice view,2-Oct-16,4
pmartinet1,Perfect stay,26-Sep-16,5
Gary P,Elegant and Steadfast Services,23-Sep-16,5
Adam T,Great,14-Sep-16,5
wrc123,Best Hotel Ive stayed at in NYC,13-Sep-16,5
Sacksovic,Excellent Hotel in Great Location,13-Sep-16,5
ggytwi,Difficult to find something wrong,13-Sep-16,5
nicoladow26,Honeymoon trip,8-Sep-16,4
Emily M,Priceless Central Park View,7-Sep-16,5
TravelJunkie20002,The best!,31-Aug-16,5
Journeyman644,Absolutely first class,31-Aug-16,5
Pam D,Great place to stay had wonderful time,31-Aug-16,5
maradceo,Central Park view only :),30-Aug-16,4
msla_drsonny,Home away from home... This place is close to perfect,27-Aug-16,5
708familyvaca,Trump Hotel no words to describe!!,26-Aug-16,5
GlobalH,Amazing luxury family base for a NYC visit,24-Aug-16,5
Pam D,A Little Slice of Heaven,24-Aug-16,5
amiezil,Quietly sophisticated,20-Aug-16,5
Teffer2000,The Gem at the Circle!,19-Aug-16,5
DubaiLondon,Practical for families,19-Aug-16,4
lynnbT3393UU,Celebration,18-Aug-16,5
David C,Nice  but no Five Star,18-Aug-16,4
34kristinh,Paramount!,15-Aug-16,5
JLC1979,Start of the family holiday,14-Aug-16,3
Welshman_on_2ur,Mixed feelings and average value for money at best,13-Aug-16,3
AlexH07,Just Amazing,12-Aug-16,5
likey2travel,Amazing Service and Rooms,11-Aug-16,5
lacleveland,My fav NYC Hotel,11-Aug-16,5
Rangellalo,Luxury and Very Expensive,9-Aug-16,5
809pauldavidb,Fantastic place to stay,4-Aug-16,5
johnvm236,Trump Columbus Circle,1-Aug-16,5
William M,A Great experience,1-Aug-16,5
Bernie63-64,The perfect hotel experience in Ny,1-Aug-16,5
bmdefiant,Pure Luxury,31-Jul-16,5
Deanna C,Overbilled and terrible service,31-Jul-16,1
990petrac,Great place to stay in NYC,29-Jul-16,5
IsraelDavid1,Best hotel,28-Jul-16,5
ladybug4158,Outstanding service.,27-Jul-16,4
arinaldi7,Awesome,26-Jul-16,5
ab18544,Birthday in New York,25-Jul-16,5
randallo850,This wonderful hotel was the best part of our trip to New York!,24-Jul-16,5
pookie19,Wow!!,23-Jul-16,5
Jerry E,SEE!!!! This is what a 5 Star Hotel should be like!!!!,22-Jul-16,5
seaotter301,Great staff/service - so close to so much - beautiful views of Central Park,17-Jul-16,5
Kathleen P,Grandchildren first trip to NY,11-Jul-16,5
emmasengineer,Unequivocally not a 5 star hotel  but not bad either.,7-Jul-16,4
efraindieg0g,Best of the Best,6-Jul-16,5
Alonzo M,Vote for Trump Hotels!,6-Jul-16,5
Kisangani21,The Best New York Has to Offer,6-Jul-16,5
staxcoffeeshop,Amazing,6-Jul-16,5
Teaneck191,Impressive but expensive,5-Jul-16,4
jaypN8037MM,Class at its Best!,5-Jul-16,5
Valerioafrica,Good one ,2-Jul-16,4
Cassandra L,Fantastic accommodations  friendly employees  excellent food. Luxurious surroundings.,1-Jul-16,5
jayje2016,Outdated and uncleane,28-Jun-16,2
MLDorris,Second Stay was not twice as good,24-Jun-16,3
Leslee E,Staff is wonderful,24-Jun-16,4
chefbaby2013,Top notch customer service and location,24-Jun-16,5
Laleh J,The room smelled,23-Jun-16,2
BebeHHI,Excellent experience,23-Jun-16,5
Andoni D,Difficult to beat,21-Jun-16,5
sazeracker,great location  good price point  exceptional service,21-Jun-16,5
Wayne N,Way Beyond the Norm,20-Jun-16,5
family_sherpa04,The staff makes it 5 star!,18-Jun-16,5
Ivan L,Luxurious hotel in perfect location,16-Jun-16,5
Dev P,Family trip to New York at May half term,14-Jun-16,4
Rajatm123,Perfect family hotel,13-Jun-16,5
Jeanette M,Amazing,10-Jun-16,5
vsilva,Great location. Not so much for customer satisfaction.,8-Jun-16,4
alshatem,Best hotel choice for first timers,7-Jun-16,5
LakeWorthFred,VERY SAD,6-Jun-16,2
OneNightTraveller,Central Park and Lincoln Center,4-Jun-16,5
meaghan k,Trump = Attention to detail and Happy staff   make for a great stay !!!!,4-Jun-16,5
charbit63,Location and a view to die for!,2-Jun-16,5
GIGROCKS61,BEST !!!!!,30-May-16,5
TravelerKU,Great hotel for reasonable price,28-May-16,3
Cheryl W,Fantastic Location on West Central Park,24-May-16,5
A TripAdvisor Member,Never come back,23-May-16,1
rachael1107,Everything you'd expect,22-May-16,5
woobabie,Excellent location and stellar service,22-May-16,4
travelphx,Great location,21-May-16,3
d770,Trump international was awesome,19-May-16,5
Dave G,Ideal location. Exceptional in every way!,19-May-16,5
dinopig,Great location and service.,17-May-16,5
Gary P,Nothing short of Pefection!,12-May-16,5
Kristen R,Always love the Trump experience from start to finish!,11-May-16,5
ken p,Just simply and absolutely 5 Stars all around!,1-May-16,5
DrinkswKarl,Location  staff  accommodations - superb!,30-Apr-16,5
Birdbrain72,Wonderful  friendly hotel,30-Apr-16,5
Rishan91,Location location location !,29-Apr-16,5
kdr1974,Impressed!,26-Apr-16,4
JT907,Beautiful room,23-Apr-16,5
Dawnrose,Great hotel  great location.,22-Apr-16,5
plamichigan,Luxury digs on Central Park...don't worry  the Donald isn't there,21-Apr-16,4
Valerie L,welcome foreigners,20-Apr-16,4
lacleveland,The Best Hotel in NYC,19-Apr-16,5
K9powers,Special location and accommodations,19-Apr-16,5
Philipengs,Fabulous service  rooms  location,17-Apr-16,5
Anand S,Anand sharma,9-Apr-16,5
Kjjoyce,Amazing hotel in an amazing city!!,8-Apr-16,5
solas123,1st class stay,5-Apr-16,5
Eiszel L,Night in the city,3-Apr-16,4
timcr0wley,Fantastic Hotel,2-Apr-16,5
Casper S,First Class in every way!,31-Mar-16,5
Ana V,Location & Sevice Fantastic,28-Mar-16,5
Kelton,EXCELLENT -4-4.5! Almost best!,27-Mar-16,4
KMNDC,Staff are the difference!,27-Mar-16,5
Christine N,Trump International Hotel (@ Central Park) was AMAZING!,26-Mar-16,5
132donaldf,WOnderful. Wonderful.,20-Mar-16,5
Alexandra M,Was not impressed with the Trump,16-Mar-16,2
edk662015,Service was second to none,15-Mar-16,5
cremantdeborgogne,Great location--near everything. Great breakfast  good business center,13-Mar-16,4
WorldHappy,Vote for the Trump Hotel on Columbus Circle,12-Mar-16,5
katrineCPH,Great location and suite,8-Mar-16,4
Scotty F,Investigate rooms,4-Mar-16,3
WorldTravelerDC1,Every time we stay there- it's perfect.,29-Feb-16,5
cbhnewhampshire,Location  location  location!,25-Feb-16,5
WestEastOne,LocatIon  Luxury and Professional Service,25-Feb-16,5
CG_travel2,Presidents Day Trip to NYC,25-Feb-16,5
TTFtrav,Quick trip with kids,21-Feb-16,5
Dovi M,Safety and Luxury in the best location !,19-Feb-16,5
kirk h,New York on a plate,17-Feb-16,5
T6690EQgaryg,Unparalleled service. Exquisite location,16-Feb-16,5
andrewbC4950NT,Luxurious and Professional,9-Feb-16,5
MLDorris,Great Location to Times Square and UWS,8-Feb-16,4
boomersooner0706,Great Place to stay,8-Feb-16,5
Lizeth P,Tourist for the day,2-Feb-16,5
Bernie63-64,Hotel is top notch  except for the restaurant.,2-Feb-16,4
SimoneSmithson,House Keeping....,25-Jan-16,3
charlesk658,good location and overall nice hotel,24-Jan-16,4
Scarlettdubai,Good location for a short stay,24-Jan-16,3
Carrie T,Large hotel rooms in NYC,23-Jan-16,5
Fioriypom,The amazing Trump International Hotel and Tower New York,21-Jan-16,5
mkini,Location  location  location....loved it!,20-Jan-16,5
Angie_xx2014,Christmas in New York,15-Jan-16,5
Lisa C,Great location and good service,12-Jan-16,5
T2404YUseanm,Great retreat,10-Jan-16,5
Teffer2000,The secret to luxury is in the staff!,9-Jan-16,5
Cat9337,Excellent hotel and location,8-Jan-16,5
W-will-travel,no matter what you think of Donald the Hotel is GREAT,5-Jan-16,5
jeannievp,cost and amenities totally incongruent,4-Jan-16,1
shawnb302,Night on the town,4-Jan-16,5
ffm555,Nice view facing to Central Park  small lobby and swimming pool,4-Jan-16,4
SmallCharme,nice spot,2-Jan-16,4
pumpkin507,A lovely stay,2-Jan-16,5
James M,Good hotel,31-Dec-15,3
Mywanderlust23,Fantastic stay and amazing staff and restaurant!,28-Dec-15,5
gman18,Great Position,25-Dec-15,4
charlesgQ2539QC,Second visit not as good as the first,24-Dec-15,1
iyasmeen14,FABULOUS,24-Dec-15,5
Robert S,Great Location Across From Central Park West,21-Dec-15,4
Mandajay,Stayed here to support Trump!,21-Dec-15,5
NewcastleFalcons,Back again !!!,16-Dec-15,5
Vid29,Perfect in winter!,15-Dec-15,5
EddieBaltimore,Reasonable- but expect a 3 star experience,13-Dec-15,4
493douglass,Truly exceptional service,11-Dec-15,5
Alucard827,5* 5(01.CB.10a),10-Dec-15,5
Samantha D,Exceptional Service,8-Dec-15,5
simonwlondon,Amazing location and view but pricey,2-Dec-15,4
mesavista4me,Trump Hotel makes NYC great  again!,30-Nov-15,5
gregh53,Our favorite NY hotel,28-Nov-15,5
lucylucy101,Love this hotel,28-Nov-15,5
Peter M,Extened Stay at Trump,26-Nov-15,4
Christina C,Highly Recommended!,24-Nov-15,5
ohashem1,Found my lovely home in NY,19-Nov-15,5
T0llie,Trumptastic!,15-Nov-15,5
Joanne801108,Nice stay,12-Nov-15,5
Ellie B,A dream come true!,12-Nov-15,5
DavidB5,Exceptional,11-Nov-15,5
Sarah D,Great visit as usual,8-Nov-15,5
ShawnShamgar,Superb,8-Nov-15,5
Deborah G,Great as always!,7-Nov-15,5
S9274XOsarahb,Wonderful stay,2-Nov-15,5
Wen L,Trump Hotel New York Central Park  A Sanctuary Retreat in Big Apple,2-Nov-15,5
drphilxr,MetOpera Blast!,1-Nov-15,5
leelegen,Amazing location and hotel,30-Oct-15,5
A TripAdvisor Member,Everything you would expect and more!!,22-Oct-15,5
marcolinifan,Pefect htoel for mid-town,13-Oct-15,5
Cynthia W,Exceeded my expectations,8-Oct-15,5
Bashar A,Top-Notch service,3-Oct-15,5
LLfromNYC,Exceptional Service,3-Oct-15,5
Thewelshies,Could not have been better.........,1-Oct-15,5
WootenLisa,Service is amazing,27-Sep-15,5
Therese S,Don't Bother,23-Sep-15,2
pradip b,majestic,19-Sep-15,5
Amelia1002,Overlooking Central Park,17-Sep-15,3
RG2013,US Open weekend,15-Sep-15,4
373pam,Best location  outstanding service!,3-Sep-15,5
APhilllips,Heaven on Columbus Circle,1-Sep-15,5
Andreavarna,Best hotel in NYC!,31-Aug-15,5
RodolphoBorges,Top location in NYC!!,30-Aug-15,5
Alan O,Fab 3 day trip to New York xx,30-Aug-15,5
bertyboy2014,Fantastic Few Days in The Trump Central Park,29-Aug-15,5
NickBoljevic,Great Hotel but some minor disappointments,28-Aug-15,4
McGreevyTeam,If you've stayed in 5 Stars this will underwhelm uou,28-Aug-15,3
Adamp262,Fantastic Stay at Trump,26-Aug-15,5
lynnv3,excellent property,25-Aug-15,5
Najib O,Great location,22-Aug-15,4
DubaiLondon,Perfect for families,20-Aug-15,5
ThompsonH,Very good hotel,20-Aug-15,4
Terry R,Sun and fun weekend away,18-Aug-15,5
Lisa H,Perfect Location-Top Service,16-Aug-15,5
nms01,Simply Outstanding!,15-Aug-15,5
Alexander Y,Amazing! Highly recommended!,14-Aug-15,5
Lewis G,When in the Big Apple  stay here...,14-Aug-15,5
152lewisg,The staff exceptional!,11-Aug-15,5
lacleveland,The Most Perfect Hotel!!,8-Aug-15,5
KT0910,Oasis in the big apple,6-Aug-15,5
vickie j,Trump Hotel,4-Aug-15,5
DCpumpkin,Trump International Hotel and Tower,3-Aug-15,5
fancythis72,Fabulous place to stay overlooking Central Park,31-Jul-15,5
RhonaFL,Location and Service,31-Jul-15,5
christinecB5523NX,Excellant Room & Amenities,29-Jul-15,5
OzBoy74,Great Room & Location,29-Jul-15,4
Joel P,Awesome hotel in great location,29-Jul-15,5
APL4,Wolf on Central Park West,27-Jul-15,3
tyleretakoda,Impressive! Impressive ! Impressive! Stay here. A Must,25-Jul-15,5
Denise0292,Super Solid Experience @ Trump,24-Jul-15,4
Randi-Tom,Suite Stay,23-Jul-15,5
C7739KSneilm,Perfect Base of Operations for our trip to NYC,21-Jul-15,5
missnaughty67,WOW  WOW  WOW,21-Jul-15,5
Bryan C,Truly fine,18-Jul-15,5
EMV267,Phenomenal Experience,18-Jul-15,5
S Z,Excellent hotel!! Great time there!,17-Jul-15,5
Susan M,Wow!,16-Jul-15,5
Cindy H,Amazing NYC splurge,14-Jul-15,5
Rob B,Pleasantly surprised! Excellent stay!,14-Jul-15,5
Eric E,Nice stay at Trump International NYC,13-Jul-15,4
ChelseaTrey,The Trump was Perfect!,10-Jul-15,5
cosmopolitan_chic,Excellent experience  great location!,9-Jul-15,5
mnbrpg,Fantastic Central Park Location,8-Jul-15,4
A8566ZOthomasc,Over the Top in the Big Apple,7-Jul-15,5
Bradley156,Trumped out..,6-Jul-15,3
JeffS_from_LA,Fantastic Hotel on Central Park,5-Jul-15,5
Michelle H,Breakfast delightful in glass conservatory,4-Jul-15,5
russkramer57,Great part of a business trip to New York,1-Jul-15,5
Macy120,Trump International made our vacation,29-Jun-15,5
Randy D,Another Fantastik Stay at the TRUMP!!,29-Jun-15,5
Mike G,Great location for a summer stay in New York,29-Jun-15,5
Janus T,Luxury hotel with a view,25-Jun-15,5
Deirdre S,We Love It!!,25-Jun-15,5
ixmnrs,A Nice centrally located luxury hotel in New York City,24-Jun-15,5
Melina B,Good decor   Central Park view  expensive,23-Jun-15,4
522jacke,Room With a View,21-Jun-15,5
David A,Great Family Stay on Central Park,21-Jun-15,5
LP3291,Overall enjoyable!,19-Jun-15,4
Plodder588,UK traveller - some disappointments,18-Jun-15,3
zackymax,A great experience,15-Jun-15,5
Barry G,Beautiful and great location & views,15-Jun-15,4
Richard T,Wonderful  especially for a family!,14-Jun-15,5
5startraveler,Not quite as nice as expected for a Fine Hotel & Resort,12-Jun-15,4
Cindy C,Great hotel for families,10-Jun-15,5
Saskia_Bahamas,Not as delightful and other 5 star hotels in NYC,8-Jun-15,4
Milkmouse,Completely disappointed.,7-Jun-15,1
Rick_and_Karen_O,The Best Place to Stay in NYC,7-Jun-15,5
JetSetJessa,Beautiful rooms - great location - horrible food!!,4-Jun-15,3
Ricci B,Quality & Top Notch Service is a Norm! Repeat Stay!,31-May-15,5
clanish2015,Great location!,30-May-15,4
Michael P,NYC's Best Location,28-May-15,5
wendybH8293HB,Very disappointed,27-May-15,2
Nonbasta,Seeing New York First Class!,27-May-15,5
MissS85,Great hotel on the Park,27-May-15,5
Raul V,Great 5-Star Central Park Views  the Trump is by far the best!,26-May-15,5
cashclay,Very Good Visit,26-May-15,5
Samosababa,Great mid town NYC Location  Central Park  Metro Station Lincoln Center nearby,21-May-15,4
Dad244ever,Trump is the definition of Luxury,21-May-15,5
glbltrotter,Great hotel - not much of a lobby - great gym  views  rooms,21-May-15,5
Alan B,Across from Central Park,19-May-15,5
James N G,What a fabulous surprise!,18-May-15,5
rdb911,New York Gem,14-May-15,5
189arranh,Luxury at Central Park,13-May-15,5
Lisa K,Great Location  Great Staff,12-May-15,5
sketchboy,A perfect stay,11-May-15,5
DisGeek_Kerry,Location PERFECT  room BEAUTIFUL  staff AMAZING,11-May-15,5
Candice203,The best view in NYC!!!,11-May-15,5
Cantiris,5 star hotel- 2 star service,10-May-15,2
W4499DUjohnc,More of a private residence than a hotel,7-May-15,5
Michael A,Great space and amount of space.,5-May-15,4
ns0404,Excellent hotel on the Central Park,28-Apr-15,5
Andrew C,Wonderful Wedding Venue,28-Apr-15,5
Jaine F,Turned a NYC hater into a love story,27-Apr-15,5
A TripAdvisor Member,Hotel review,27-Apr-15,5
JPELLMAN,Trump International~very family friendly strongly recommended,24-Apr-15,5
Arthur E,Met Every Expectation,21-Apr-15,5
Jeff D,Nice hotel  great location  disappointing bathrooms!,20-Apr-15,4
Jamie C,One of the best hotels we have stayed in,19-Apr-15,5
Abuysse,Fantastic stay at Trump,17-Apr-15,5
Soestswiss,Fantastic Hotel!,12-Apr-15,5
Dhasek,Trump Knows Service,12-Apr-15,5
pricehouse,Fantastic view of park  excellent service.,12-Apr-15,5
aah1970,BEST luxury hotel in NYC,9-Apr-15,5
kathimacc,Get a room with a view!,9-Apr-15,4
appeal2,Absolutely Loved It,8-Apr-15,5
Aldo_Nola,Didn't want to like it so much...,4-Apr-15,5
NickellFamilyTravel,Excellent for a few nights - or for a few weeks,28-Mar-15,5
CanInternat,Perfect by the Park,27-Mar-15,5
beautifulmatters,Well done Trump!,26-Mar-15,5
danonthego,Spring in the City,25-Mar-15,5
travel12335,Trump New York Is the Best!,25-Mar-15,5
Christine M,Excellent location and service.,24-Mar-15,5
Steve L,Getaway,23-Mar-15,5
Margeritavile,Just what you'd expect from  The Donald,20-Mar-15,5
Jessica T,Central Park West Gem - Warm  Friendly and Luxurious,17-Mar-15,5
Airedales2,Outstanding Experience,16-Mar-15,5
Sak3md,still a quiet elegant sanctuary,16-Mar-15,5
Alnjown,Excellent stay,13-Mar-15,5
Julie W,Great Hotel with a Great Location,12-Mar-15,5
generalinq,Will be back - Nice hotel  excellent location  expensive,12-Mar-15,4
R B,Best Hotel and Location in NYC,11-Mar-15,5
Fiona C,You will fall in love with this gorgeous hotel,10-Mar-15,5
Tamara B,Beautiful Hotel,6-Mar-15,5
Ioannis M,Dreaming!!!,6-Mar-15,5
Thuso,Perfect NYC Location,5-Mar-15,4
donfambhx,Great Stay,3-Mar-15,5
Wendy D,Wonderful Hotel and Opera Experience,1-Mar-15,5
D B,Ultimate pampering overlooking Central Park,27-Feb-15,5
leekuh1,Great Staycation when travel plans changed due to weather,23-Feb-15,5
Maryhob,An Excellent Hotel,22-Feb-15,5
Travlin B,Great staff. Old n tired place.,10-Feb-15,3
ibrahim996,Outsanding location  superb service  but urgent need for key renovation.,10-Feb-15,4
Littlemisskiss1984,Honeymoon in NYC,9-Feb-15,4
Randy D,This is Mecca,4-Feb-15,5
David K,Great location  Beautiful Hotel  Outstanding Service  Very  Very Friendly staff....from the bell staff to housekeeping,1-Feb-15,5
Lauren W,One of the best!,30-Jan-15,5
Ricci B,The Donald Knows Hospitality!! MUST STAY,28-Jan-15,5
luckylouie97,Spectacular!,25-Jan-15,5
Jamie C,World Class,23-Jan-15,5
Glenn G,Best in the world,21-Jan-15,5
CTCouple310,Amazing!!,21-Jan-15,5
79Sue27,Fabulous,21-Jan-15,5
Josie M,First Time in New York,19-Jan-15,5
city-jaunt,Excellent Hotel with Great Location.,19-Jan-15,4
JAH123,Best breakfast ever in th US,18-Jan-15,4
Jake M,GREAT,17-Jan-15,5
Djleod54,Didn't want to go home!,16-Jan-15,5
lucylucy101,This is my new favourite hotel in NYC,16-Jan-15,5
Bridget L,TOP CHOICE IN NYC IF SEARCHING FOR GUARANTEED LUXURY,15-Jan-15,5
J H,Perfection beyond our expectations.,10-Jan-15,5
Dishchick,Good but wasn't wow'd - Except the location is perfect!,9-Jan-15,4
Robert K,One of the finest hotels in NYC. The facility and staff were just outstanding. I would highly recommend this hotel,8-Jan-15,5
C0l0ny,Great stay in NYC,7-Jan-15,5
Carmele R,The Hotel is in a great location.,6-Jan-15,5
Emma D,The perfect New York experience,6-Jan-15,5
Ana J,Luxury and location,5-Jan-15,5
MargaretMcCoy,The only place to stay in NYC.,5-Jan-15,5
aussietraveller47,THE VIEW!,4-Jan-15,5
LASRY D,Excellent Hotel,3-Jan-15,5
Costello3,Great stay - Great location,31-Dec-14,5
Familyman-129,Money taken twice - be very careful,27-Dec-14,1
Ronnie B,Excellent stay,22-Dec-14,5
Ian H,First Class all the way,21-Dec-14,5
eosinophil,Not a 5 star hotel,18-Dec-14,3
FelixW1979,Superb!,15-Dec-14,5
donald f,The Donald does it again!,10-Dec-14,5
JerseyShoreTraveler,Great location,8-Dec-14,5
priluc,Very disappointing stay,4-Dec-14,3
Comeonublues,Amazing!,3-Dec-14,5
Barbara1326,Would Love To Live There,1-Dec-14,5
jalovej,Our New Favorite in NYC!,26-Nov-14,5
Maryregina,Columbus Circle Convenience,25-Nov-14,4
Geoff L,Great views!,19-Nov-14,5
Mjohn27883,New York Favorite,19-Nov-14,5
Kerumo,Worth the $$$!,18-Nov-14,5
lillian k,Great service!,15-Nov-14,5
vldavis,Amazing True Five Star Hotel,13-Nov-14,5
Hitchfan,Still the best,11-Nov-14,5
NewcastleFalcons,Looking forward to next time !!!,11-Nov-14,5
Iris J,An OK but nothing special New York experience.,11-Nov-14,3
Tom C,Location  Location  Location,10-Nov-14,5
Gibmini,Great location  mediocre premises,3-Nov-14,3
miriam j,Expensive  but for the right occasion - indulge!,1-Nov-14,5
Kurt M,Good location! Nice views if....,30-Oct-14,4
Robbie M,Luxurious stay,29-Oct-14,5
Michael K,Absolutely amazing,28-Oct-14,5
Aiden L,Nice stay,24-Oct-14,5
BamaAJ,Pure Luxury + First Class Service,20-Oct-14,5
Mark T,Great experience,19-Oct-14,5
AngieNSW,The staff make this a five star experience,19-Oct-14,5
scashner,Out TRUMPED the Ritz,8-Oct-14,5
dogstravelin,Fabulous hotel- exceptional hospitality,3-Oct-14,5
BayAreaLawyer,All the luxury you expect from Trump. Amazing comfort. Loved it.,1-Oct-14,5
Sam R,Best place to stay in NYC. View and amenities can't be beat.,1-Oct-14,5
N0rthY0rks,A four-star hotel  with five-star service,28-Sep-14,3
slefleur,Great Service  well decorated but Noisy!,18-Sep-14,4
TezrahATL,Simply elegant.,17-Sep-14,5
Marcus L,Service beyond compare!,16-Sep-14,5
Iwa1127,Nice decor with kitchen and pull in bed excellent for cooking baby's meal,15-Sep-14,5
nookinoo,Last Minute Accommodation change,12-Sep-14,5
schroediee,Top Hotel Meets Top Service,5-Sep-14,5
chgotrvlr71,Great service  great location  great hotel,3-Sep-14,5
raymun777,Perfect location! Perfect company! 2 BDR condo,1-Sep-14,4
Jason208,Not the Trump experience we are accustomed to,30-Aug-14,3
Pspappas,Extraordinary hotel experience,27-Aug-14,5
lolmarlor,Fantastic base for a family in New York,17-Aug-14,5
Paula M,Pure Decadence!,15-Aug-14,5
eertpit,Huge television,14-Aug-14,3
Darlene R,Reservation Confirmation,12-Aug-14,2
Bryant M,Great service and location!,11-Aug-14,5
RonZHCH,Excellent stay,10-Aug-14,5
Robinpainter,Excellent service and pool/spa make this hotel stand out,7-Aug-14,4
LLCOOLJAMES,It's a home AWAY from home...!,7-Aug-14,5
Honeymooner568,Great location to explore New York,5-Aug-14,4
M J,we felt very good and relieved when we moved to another hotel after our very bad experience in Trump,4-Aug-14,1
ginag108,Great hotel in a great location,1-Aug-14,5
Larry W,Outstanding service and facility,31-Jul-14,5
kentfield,Trading on a name,27-Jul-14,4
579mg641,Always Excellent,25-Jul-14,5
SASHerts,GREAT LOCATION  EXCELLENT ROOMS AFTER A FEW PROBLEMS WERE RESOLVED.,22-Jul-14,5
FinnieF,Simply the Best in NYC!,11-Jul-14,5
djhm,Loved New York but not Trump,10-Jul-14,3
Scottish_Foodie,A Great 8 Days in NYC,8-Jul-14,5
LMK72,Amazing view - Average Hotel,2-Jul-14,3
Igor40,Holiday trip to N.Y.,1-Jul-14,4
Aegirlala,we will come back for sure!,25-Jun-14,5
Chris H,Better  impossible,24-Jun-14,5
thess_io,magnificent view!,23-Jun-14,5
Anthony P,LOCATION LOCATION,20-Jun-14,4
Richard T,Wonderful hotel  with unique features for families,17-Jun-14,5
ohgeorge,Top Shelf in Every Respect,17-Jun-14,5
Christine S,World class all the way,12-Jun-14,5
alice m,Too bad about the mattress!,11-Jun-14,4
Hornspe,Astounding service  great location,8-Jun-14,5
sunflower456,Did not honor their rate guarantee,5-Jun-14,2
ElvisMem,Trumps the Competition,2-Jun-14,5
Matt C,Overall great experience,30-May-14,4
Marzarmy,Wonderful Location!!,28-May-14,5
761Anonymous,Great value. Great family experience,27-May-14,4
Sal V,Magnificent,27-May-14,5
tspeller,Extraordinary service and comfortable feeling,24-May-14,5
travel12335,Exceptional Hotel in New York,19-May-14,5
Dfwchristopher,Insane View- Excellent Service,14-May-14,5
Malaysian_suzie,Great location and service makes this a standout,9-May-14,4
boatbuddy2007_12,always an excellent stay with fine features,6-May-14,5
bilbot h,One of the best location in New York City,5-May-14,5
Greg R,Top of the Line,28-Apr-14,5
EpicuriousTraveler,Best staycation ever,23-Apr-14,5
PAM_from_LINY,A wonderful stay,23-Apr-14,4
Jilllian,Great time,22-Apr-14,4
Mildred2011,Exceptional location,22-Apr-14,4
thedubfamily,Brilliant,22-Apr-14,5
napa_sun,Gorgeous hotel  impeccable service  relaxing retreat,18-Apr-14,5
kimmygSurrey,Relaxing time,17-Apr-14,4
steve l,Location and staff are keeping this hotel afloat,12-Apr-14,3
ToastyJ,Always a perfect NYC location,12-Apr-14,5
donnazaubermaus,Highly recommended,9-Apr-14,5
Tali L,Exceptional service and location.,1-Apr-14,5
rory b,Made my engagement more magical than expected!!!,31-Mar-14,5
cargoboy2,Top-Notch Service and Comfort,31-Mar-14,5
vlovessea,Amazing location  beautiful view,28-Mar-14,5
benikana,PERFECT !,25-Mar-14,5
runaway_with_me,The Best!,23-Mar-14,5
jlp75005,Great location great amenities great hotel,22-Mar-14,5
Anabelle44,Fabulous,18-Mar-14,5
Ben W,I liked it more than I wanted to,17-Mar-14,4
kenr06,Great time at the Trump International NYC,14-Mar-14,5
capeconway,Don't waste your money!,11-Mar-14,1
Hilary L,Absolutely great in every respect but prebook the restaurants!,9-Mar-14,5
Clare H,Amazing views of Central Park,9-Mar-14,4
RozanaK,Nice Hotel!,26-Feb-14,4
LilCricket,Great hotel  staff and location,25-Feb-14,5
Anya K,A very good hotel on the west side of the park.,18-Feb-14,4
Colleen B,I was so impressed,18-Feb-14,5
bepstein,False Fire Alarms during night.,16-Feb-14,3
TSCClovis_Ca_,A luxury hotel with caring service and a wonderful view.,16-Feb-14,5
chrish94123,Great Hotel  Great Service,10-Feb-14,5
mgoblueNY,Pampered Beyond Belief!,27-Jan-14,4
chris_mayes,Excellent Hotel,23-Jan-14,5
Zvante,Worldclass hotel,15-Jan-14,5
onthegogirl,OVERPRICED,8-Jan-14,3
Anthony K,Christmas and New Year in New York,8-Jan-14,5
Shannon Q,Absolute dream vacation,8-Jan-14,5
Benorris,The Don of NYC Hotels in terms of service,1-Jan-14,5
SweetLife07,Second to Mandarin Oriental,30-Dec-13,4
FamilyGompels,Faultless service - stunning location,27-Dec-13,5
CaneislaneVacation,Fun filled weekend,23-Dec-13,5
LSS100NewYork,Mostly great  but not entirely.,21-Dec-13,4
fly121,Wonderful weekend in the city at Trump International Hotel.,16-Dec-13,5
STXCT,Luxury and super convenient location,14-Dec-13,5
alsal,Slipping on Service,9-Dec-13,3
2851,What's not to love?,6-Dec-13,5
SBJ8,I'm coming back,4-Dec-13,5
maggie s,Our best hotel experience ever and we travel ALOT,4-Dec-13,5
leslielee,Beautiful get away and spa,2-Dec-13,5
rfink22,like a Trump,25-Nov-13,5
Launiki,Daughters Birthday Weekend,11-Nov-13,5
bankruptcy,Perfection Plus!!!!!,10-Nov-13,5
a131girl,As excellent as I was expecting,6-Nov-13,5
antonio f,best hotel in New York,6-Nov-13,5
David F,Family Vacation,1-Nov-13,5
SoCalTraveller9,The second best hotel in Columbus Circle,30-Oct-13,4
Margeaux33,Wonderful hotel!!,30-Oct-13,5
irote,The Real Deal,29-Oct-13,5
Toni W,My Favorite NYC Hotel,29-Oct-13,5
AnnaEvans221196,Not the luxury I was expecting...,27-Oct-13,3
helenbw B,NEW YORK AT ITS BEST,23-Oct-13,5
FamilyFrame,Wonderful Stay,21-Oct-13,5
London_Kimmberly,Perfect location. Child friendly with a great pool and friendly staff.,20-Oct-13,5
Kathryn K,Fabulous hotel with staff who anticipate your every need!!!,17-Oct-13,5
DelMartian92014,Treated like royalty,16-Oct-13,5
BarefootBuddies,Best chocolates at evening turn down!,14-Oct-13,5
NB2_13,Loved it!,13-Oct-13,5
Jennifer1877,A very nice hotel.,6-Oct-13,5
AngieNSW,Flawless stay,30-Sep-13,5
johnpaul17,Exellent location and service,29-Sep-13,5
Costello3,Great Manhattan Hotel,10-Sep-13,5
valentina g,Attention to detail,9-Sep-13,5
DaliMama888,Excellent service in the heart of manhattan.,6-Sep-13,5
Love2Jump,Posh Hotel & Great Location,5-Sep-13,5
Wetravelthere,You are paying for the location only  not luxury.,1-Sep-13,3
George J,Hotel is a joke,31-Aug-13,1
Cynnull,Great but could be even better!,29-Aug-13,4
epie2013,A real treat with gracious service!,27-Aug-13,5
Hollywood1973,Overall  an excellent property.,25-Aug-13,5
PoodleRank,Large luxurious rooms across from Central Park,22-Aug-13,5
Darby N,Nice place,22-Aug-13,4
Lucy1212,Lovely,16-Aug-13,4
Abram F,Great experience,14-Aug-13,5
OneHappyTravelor,Luxury As It Should Be,13-Aug-13,5
Celeste B,Friendliest staff  warm and welcoming. Great location with magnificent park views.,12-Aug-13,5
Trude K,Luxery in The Big Apple,4-Aug-13,5
Jay S,Simply Perfection,3-Aug-13,5
calgirlsanjose,Perfection in NYC,3-Aug-13,5
Mardenco,I liked It  And I Dont Say That Often,3-Aug-13,5
Claudia613,Great!! Loved it!! Great Staff,1-Aug-13,5
Deborah D,Trump Tower didn't disappoint :),29-Jul-13,5
AndrewandSarah,Beautiful hotel in a great location - disappointing pre arrival service,29-Jul-13,4
PFHK,Excellence in a great location,26-Jul-13,4
momsbroke,Pampering very much appreciated,22-Jul-13,5
GauchosCrew,Pretentious!,21-Jul-13,2
James G,Incredible hotel in the best location in NYC!,20-Jul-13,5
happyinmiami,Everything I Wanted and More,20-Jul-13,5
BelleCose,Great option for a young family  and very friendly staff,18-Jul-13,4
Ian A,Amazing personalised service  fantastic room & great cocktails!,17-Jul-13,5
linatoday,Tried to be fancy  gold faucet was funny  chandeliers  small pool,11-Jul-13,4
bobolito,Great Location  OK Hotel,10-Jul-13,4
LoveLuxeTravel,Not a 5 star. Decor-tacky and tasteless. No semi-casual dining only formal. Rm service-marginal.,3-Jul-13,3
RVRDDS,Not worth the money,1-Jul-13,3
Rustinkoo,Proposed to my wife here,1-Jul-13,5
madreRochester,Disappointing,1-Jul-13,3
Michael T,Perfection at the Park!,30-Jun-13,5
Narissa E,Amazing,30-Jun-13,5
Pablo S,Outstanding,24-Jun-13,5
Michael R,Simply one of the best hotel stays of our lives.,24-Jun-13,5
nancy h,Big Joke (on me) 5 star prices and terrible services. amenities are basically non existent. Untrained staff.,22-Jun-13,1
SunandskiLA,Terrible service  Unpleasant design,18-Jun-13,2
Berlinia W,Best in New York,17-Jun-13,5
SFHotelero,Quick stay but very much enjoyed it,13-Jun-13,5
edlesbub,5 star all around!,13-Jun-13,5
RK8Coops,Luxurious hotel with amazing views,12-Jun-13,5
boo458,Perfect for all our neeeds,9-Jun-13,5
TaraMM323,Amazing hotel  staff  room & view!,5-Jun-13,5
mookie61,Great Location Great Hotel,4-Jun-13,5
Mike_J1963,everything you and expected and some you did not,1-Jun-13,5
RDo_11,Excellent location  Excellent service  Excellent view from #1706,31-May-13,5
mdcnyva,Always question things when says Trump.,30-May-13,4
monacro,Great for family weekends  2 years in a row,30-May-13,5
TravelsGr8,Amazing location  service a little lacking at times,22-May-13,4
Applenuts,Birthday treat,19-May-13,5
Cathyc7,Great Views  Not Great Hotel,16-May-13,3
Steve H,Best nights sleep ever!,15-May-13,5
EdwardJNJ,50th Wedding Anniversary Surprise,13-May-13,5
mj79Tx,Perfect stay at Trump Tower Central Park,7-May-13,5
Luiza H,Front desk needs improvement,6-May-13,4
mille125,Excellent Stay,30-Apr-13,5
FAY1357,At your service Madame .,26-Apr-13,5
yukonquest,Awesome,19-Apr-13,5
Jeremy T,Exceptional Stay,17-Apr-13,5
Danielle F,NYC in style,15-Apr-13,5
foodieMunich_Germany,Great location and a great Hotel,9-Apr-13,5
AngyHippo,very comfortable stay,8-Apr-13,4
RelaxWithMax,So You Think You Can Dance?,1-Apr-13,5
Jabber5,Insensitive Arrogance,28-Mar-13,1
Joni H,Couldn't Be Happier,25-Mar-13,5
Minervaprod,Other Hotels... You're Fired!,17-Mar-13,5
James B,Great location  Ivana decor,17-Mar-13,4
Inspectorfong,Everything you would expect from from a Trump Hotel and more,17-Mar-13,5
snorklesoul,Service worth crowing about!,14-Mar-13,5
Ronald W,Fabulous stay,10-Mar-13,5
masssik,Nice  but we expected something more,27-Feb-13,4
Ann J,Great NY experience,27-Feb-13,5
Profrw,Trumped!,26-Feb-13,5
ldjsue,What is going on here?,21-Feb-13,3
ashah7,Outstanding service,12-Feb-13,5
MBinlondon,Corteous front desk  lovely suite,10-Feb-13,5
RMTJ,New York  New York,7-Feb-13,4
ZMR,Brilliant,4-Feb-13,4
Subback112,A hotel that i liked.,3-Feb-13,5
John G,Great hotel  with stunning views over Central Park,2-Feb-13,5
BougieKnight,Wonderful stay *update from prior review*,30-Jan-13,4
UKandFrance,Disappointing and poor value,28-Jan-13,3
brianpatterson273,Fabulous and Luxurious,27-Jan-13,5
FFKKinNYC,Excellent,25-Jan-13,5
Hawaiideb,Perfect stay,24-Jan-13,5
heidipony,Beautiful Hotel with Friendly Staff,24-Jan-13,5
notenoughsun44,Great location and a pleasant surprise,24-Jan-13,4
Boubou60_12,Great View on Central Park,20-Jan-13,4
fly121,Would definitely stay here again!,8-Jan-13,4
travelaround48,Not fond of Donald but do love his hotel!,2-Jan-13,5
Peter1306,Fabulous,28-Dec-12,5
Chris R,Pretty good,20-Dec-12,4
DeanrIley,Excellent hotel in great location,19-Dec-12,5
fredlovesbetty,Great place to stay for the parade!!,3-Dec-12,5
goldenjays,Trump New York,21-Nov-12,5
flogorp,BEST STAFF IN THE WORLD!!!,9-Nov-12,5
Alison15,Renewal of vows,5-Nov-12,5
Lisa R,Trump trumps other venues,1-Nov-12,5
Nikki680,A perfect choice!,18-Oct-12,5
Shirley H,Treat yourself -- you deserve it!,17-Oct-12,5
NYCtoAustin,Great long weekend,11-Oct-12,4
VoxVolpe,Your Not Fired,9-Oct-12,5
sfdann,Should be ranked in the Top 10,2-Oct-12,5
m10465,Excellent hotel  staff awesome!,25-Sep-12,5
JLMGCB,Best 50th Birthday,25-Sep-12,5
michael v,Awesome!!!!,21-Sep-12,5
LRDoc,Great Location and Park View only Attributes,18-Sep-12,3
BougieKnight,Denied offering of packages listed on Trump Website  no alternatives  absent response,6-Sep-12,2
Shawn M,I think everyone should stay at Trump Hotel in NYC-at least once!,4-Sep-12,5
Sophie L,We loved our room!,23-Aug-12,5
oahufrog,Best hotel experience,17-Aug-12,5
Andre P,Great week end,14-Aug-12,5
LMMBATAVIA,Great staff,14-Aug-12,5
Craig R,Excellent stay,13-Aug-12,5
boatbuddy2007_12,Where everybody knows your name,6-Aug-12,5
TravelGirlABC,Beautiful Stay in May,4-Aug-12,5
Jim B,The nicest hotel ever,4-Aug-12,5
William Q,Anniversary Trip,3-Aug-12,5
Luiz Gustavo P,Fantastic!,30-Jul-12,5
Fioriypom,PLEASE MAKE YOURSELF AT HOME!,30-Jul-12,5
mightycaseys,Fantastic view,29-Jul-12,4
atlanticair,Not a 5 star,28-Jul-12,4
1268,If you like staying on the Park here a nice choice..,27-Jul-12,5
jan d,Bed Bugs,26-Jul-12,3
MumbaiResident,Great location; outstanding service!,21-Jul-12,5
IanPortMoresby,Worth Every Penny,18-Jul-12,5
newharp,Great service  perfect location,16-Jul-12,5
Swissmister,Great location and great hotel,10-Jul-12,4
Riaburke,Fabulous aparthotel overlooking Central Park,10-Jul-12,5
Nikon70,Great City-Great Hotel,9-Jul-12,5
ChicagoVagabonds,Loved It!,9-Jul-12,5
CassGeorge,Great location  great hotel,2-Jul-12,5
JDPColumbiaSC,Great room  great view!,2-Jul-12,5
256Travel,Outstanding,1-Jul-12,5
kir1970,The Best,30-Jun-12,5
Anna298507,junior suite is excellent.,29-Jun-12,5
CRNorway,Park view suite,23-Jun-12,4
Helen L,Dustin is amazing,21-Jun-12,5
Robosien,Central Location  But you pay for it.,19-Jun-12,5
AHawkins80,Exceeded my expectations!,14-Jun-12,5
Longdistancetravel52,4 happy nights,13-Jun-12,4
JL_02143,Stuck in the 80s,8-Jun-12,1
des12404,Unforgettable Stay at Trump Towers,5-Jun-12,5
Ing33,Well done Donald!!,1-Jun-12,5
Euroedmus,Could be so much better...,30-May-12,4
windance,quirky,22-May-12,4
youngprofessionalUK,Back to the 70s,13-May-12,3
SixStarQueen,Closest to an Asian 5* I have ever come across in North America,11-May-12,5
areviewer,Great property,10-May-12,4
La Coron W,Fantastic,6-May-12,5
meagan1223,Excellent West side hotel.,30-Apr-12,5
Jo-Anne M,Fantastic hotel in one of my favorite areas of NYC,30-Apr-12,5
James M,Outstanding!!!! A Must!!!,25-Apr-12,5
j0annesim,Simply wonderful!,24-Apr-12,5
johnsmith65,First class all the way,21-Apr-12,5
Dinesko,Location and luxury - great NY place with a baby,13-Apr-12,5
charlotteee96,Brilliant!,12-Apr-12,5
LisainNashville,Less than perfect,30-Mar-12,3
artychef,Wow,29-Mar-12,5
Classact10,Stayed here often and I live in the city!,28-Mar-12,4
MaquitoDaniel,i love nice thinks and i thing that be in New York Trump hotel  will be the most beatifull thing that i'll do to resile,28-Mar-12,5
3browndogs,Great family weekend get away at the Trump,28-Mar-12,5
Beachbabeann,fantastic what an experience,24-Mar-12,5
guaman,Trump Internationa NYC,22-Mar-12,5
Kreachur,So good I recommend it to family in foreign countries.,21-Mar-12,5
nicholas2121,The best hotel in New York,20-Mar-12,5
Suzanne V,A quiet home in the city,19-Mar-12,4
J H,If you have high standards  this hotel will NOT disappoint!,17-Mar-12,5
stuartbabcock,Amazing friendly service and unparalleled central park views !!!,6-Mar-12,5
smitty5508,Wonderful,22-Feb-12,5
AlicynSkye211,Fabulous,14-Feb-12,5
ldjsue,Not a fan!,13-Feb-12,2
chichenuxmal,Spectacular Views  ample well appointed Suites.,23-Jan-12,5
Old76,As good as any in New York!,22-Jan-12,5
MissM721,Comfortable  spacious rooms  exceptional views.,19-Jan-12,5
WorldTravelerInNJ,Big suites  great location...,17-Jan-12,4
LulubelleT,A fabulous hotel  breathtaking views  perfect NYC location. Families welcome!,7-Jan-12,5
KateJ8,Front desk from heaven!,2-Jan-12,5
Debodan,impeccable on all counts,24-Dec-11,5
ordinarymind,Very pleasant stay with outstanding service,22-Dec-11,4
JCSimmons,Beautiful hotel. Impeccable service. Incredible location,12-Dec-11,5
TC4chow,Awesome Jr. Suites!,8-Dec-11,5
kristen W,Don't stay in this room for the view!,5-Dec-11,3
57alisonm,Beautiful hotel  top notch service,29-Nov-11,4
Sally Q,Donald you're the best,24-Nov-11,5
Legroom,Lives Up To Its Rating,10-Nov-11,5
patricia_knapman,Donald comes up Trumps!!,7-Nov-11,5
RelaxWithMax,Don't be stupid be a smarty c'mon join the Trump Towers party!,4-Nov-11,5
Ridex,Great  but not sure whether it's a hotel or an apartment block,28-Oct-11,4
90deedee,Nice,24-Oct-11,5
Melanie S,Christmas 2010,18-Oct-11,5
Miamijim,Enjoyed Stay,2-Oct-11,5
JCP555,Fantastic Hotel.....,26-Sep-11,5
Techtraveler21,Experience spoiled,25-Sep-11,1
madkay81,Treated Like Royalty,25-Sep-11,4
Melinda H,A little disappointing...........,22-Sep-11,4
60+male,great but for....,19-Sep-11,4
Victoria J,Wonderful and so convenient,15-Sep-11,5
Traveling_LadyMaine,Great Location. Expectational Service.,13-Sep-11,4
BostonBrooksey,Exceptional Location  Exceptional Accomodations,12-Sep-11,5
TiciaAnn,New York and Heaven too!,8-Sep-11,5
china4me,Our new property of choice in NYC!,6-Sep-11,5
FederalExpress,Felt Like A Movie with the View of Central Park,23-Aug-11,5
jmckelvey,The BEST place in NY,13-Aug-11,5
cecidxb,Perfect Rooms and Staff made all the difference,3-Aug-11,5
Sistatravelista,Just did not resonate with me....neither time....,2-Aug-11,3
epilogue,Impeccable.,29-Jul-11,5
Andrew B,Great Room  Great Staff  Great Location,29-Jul-11,5
stayathomeinstead,Indulgent luxury,29-Jul-11,5
Gayle12345,Always the best!!,20-Jul-11,5
TCwine,This review refers to the outdoor Terrace area....perfect setting if the weather cooperates!!,17-Jul-11,5
Traveler_424,Deserving  Yet Just Short of Perfection.,15-Jul-11,5
kimstew74,Amazing,5-Jul-11,5
BarryAscot,Horrible stay.....never again.....beware!,29-Jun-11,1
CAgolfgirl,LOVE LOVE LOVE THIS HOTEL,26-Jun-11,5
Smruss12345,Great Expierence,16-Jun-11,5
186233Sue,Amazing Hotel and Brilliant Service,7-Jun-11,5
TravelGirlABC,Always Perfect,6-Jun-11,5
Sinclair36,Wow,20-May-11,5
W-will-travel,Great suites  best view in New York City,8-May-11,5
quinnsgal,It does not get much better than this...,8-May-11,5
lewish20,Amazing Hotel,2-May-11,5
sander9t,Immaculate and beautiful,28-Apr-11,5
carableueyez,It's NYC  try someplace else if you can,22-Apr-11,2
imogene28,LOVELY STAY BUT DOORMAN ALWAYS MAKES CHANGE FOR AN AIRPORT FARE,16-Apr-11,5
lukeray,great bed  great views  but not worth the money,14-Apr-11,4
swisssimonc,Simply the best hotel in New York when traveling with kids,9-Apr-11,5
kittycatSydney,Perfect,28-Mar-11,5
njarlington,The Finest hotel in New York,21-Mar-11,5
KidsinNYC,A personal  family-friendly oasis in the best location in New York City!,15-Mar-11,5
mfbaydin,One night getaway from the kids,25-Feb-11,5
Debbie186311,A perfect haven in the centre of New York,24-Feb-11,5
Rubesgirl,Another wonderful experience,13-Feb-11,5
Aislingt,Best hotel in NY,8-Feb-11,5
JJLAW26,Absolute Perfection,31-Jan-11,5
Helen312578,Beware even at 1 200 dollars a night plus tax there are Bed Bugs in this hotellll!,24-Jan-11,3
flyingdutchie,Trump Hotel... beautiful!,12-Jan-11,4
Stormen,The perfect stay - but pricey,25-Dec-10,5
Isibet,A Wonderful Stay...,9-Dec-10,5
ScipioAfricanus,Very swanky  excellent service  but WOW was it expensive,29-Nov-10,4
tasdiwine,Great place to Stay and one of the best locations in NYC,9-Nov-10,5
jamesshea,A superb hotel.,30-Oct-10,5
deepsouthmama,the only NYC hotel for me,26-Oct-10,5
Barbara L,My new favorite hotel!,12-Oct-10,5
A TripAdvisor Member,Amazing experience from the moment we...,7-Oct-10,5
mishandcait,Best Hotel Service I have ever encountered in years of 5 star worldwide travel,30-Sep-10,5
2onaquest,MY BEST HOTEL EXPERIENCE EVER,17-Aug-10,5
squeege777,Great Place...but a little underwhelmed...,12-Aug-10,4
Richard C,Our favorite New York home  one week at a time.,30-Jul-10,5
RunCatchKiss,All spiffed up and ready for the ball!,25-Jul-10,5
K&SRanch,Still My Favorite,27-Jun-10,5
Travelergood,NIce hotel in great location but not worth the money,20-Jun-10,4
corinnapeh,Memorable experience!,20-May-10,5
suitestayer,Great Renovated Suites at Trump International,15-May-10,5
kateo51,Quiet Sophistication,14-May-10,5
hpmarge,quality hotel,9-Apr-10,5
BrunaCorty,Wonderful Trip !,11-Mar-10,5
jerkinjapan,Trip for Lukas' Birthday,28-Feb-10,5
FidelioLondon,Sumptious Trumptious!!,28-Jan-10,5
SeesItAll,Phenomenal,21-Jan-10,5
Travelstar95,The Trump Hotel should be renamed  DUMP Hotel,19-Jan-10,1
Fourlaffs,Not even close to being a 3 Star Hotel,17-Jan-10,1
Kathryn6,Rooms great but no communal areas,6-Jan-10,3
Merkrzys,Worn down with poor service and small-time hustler attitude,5-Jan-10,1
Ray0952,excellent service,28-Dec-09,5
lancashirelass77,brilliant!!!,28-Dec-09,5
weydin,Excellent hotel  superb service  perfect location  hard to find fault,24-Dec-09,5
HappyScottGlasgow,Great Value,16-Dec-09,5
Ninja1,Luxurious Stay,10-Dec-09,5
rambo007,My stay was perfect but...,8-Dec-09,5
Irishman,Nice Hotel  Great Location  Nothing too special,25-Nov-09,3
KatjoM,christmas get away,25-Nov-09,5
TCK33,a must do,15-Nov-09,5
Leanne34,Absolutely fantastic,13-Nov-09,5
RoboColorado,Love the location  love this hotel,6-Nov-09,5
twodogmark,The definition of class!,2-Nov-09,5
Louloulechat,Great stay.,20-Oct-09,5
toronto_local,Location  location  location..,7-Oct-09,4
brittraveller31,great location and service,27-Sep-09,4
shop_sun,Couldnt fault it,22-Sep-09,5
joeinnyc,The service makes this hotel what it is,2-Sep-09,5
mstinkabell,Disappointed,23-Aug-09,3
SenorBert,Quietly luxurious in New York,23-Aug-09,5
FM1London,Superb Location  Impeccable Service,20-Aug-09,5
fleurr,Amazing Hotel,17-Aug-09,5
RunCatchKiss,Now that's how service is supposed to be!,15-Aug-09,5
ros07England,What can I say......perfection!,7-Aug-09,5
Melwyjak,Too many maintenance problems for a 4.5 star hotel,29-Jul-09,3
mintchip17,Very Nice  Not Tops,27-Jul-09,4
asia6666,Few glitches  generally OK,24-Jul-09,3
LASoCalmom,Not what I expected for the price,19-Jul-09,3
jcmm,Excellent Service  Location and Space,6-Jul-09,5
n0rbr8ck,Good but not the Best,25-Jun-09,4
tryse,Do not make a reservation with,14-Jun-09,5
gp2008Mumbai,Lives up to its reputation,12-Jun-09,5
AndreaO62,Bathrooms the size of a broom closet,2-Jun-09,3
gav353530,I have to blow my Trumpet for the Hotel & Tower,21-May-09,5
maven2929,STILL THE BEST IN NYC,20-May-09,5
Minibarmuncher,Service and Location are great.,18-May-09,5
649ic,Great place for a night out -- with Jean Georges for dinner,17-May-09,4
s1ward,Excellent Location,13-May-09,4
shlomo45,Great value and location,23-Apr-09,5
matt_r_harris,Looking tired and with inconsistent service,22-Apr-09,3
RichNJax,Great Location & Excellent Service,16-Mar-09,5
William D,Best hotel in New York,29-Jan-09,5
rosiefromlondon,LOVED this hotel!,8-Jan-09,5
nrf,1st class business hotel,29-Dec-08,5
greatlit,Great location and service  but...,5-Dec-08,2
lelezinha,VERY NICE STAY!,8-Oct-08,5
newyorklover123,Wonderful,25-Aug-08,5
MorganJ,Hmmm...... Second visit to trump....,27-Apr-08,4
NYCVISIT,Terrific Trump,1-Apr-08,5
catecath,Nice view but Trump is a bit cheap..,26-Mar-08,3
Where2nowB,Nice view,21-Feb-08,4
MonteChicago,Holiday in New York - Hotel was fantastic,8-Jan-08,5
ntravinsky,great views and service in New York City,15-Dec-07,5
blmcconn,Honeymoon Perfection,3-Dec-07,5
rejecttupra,relax nice mood..special hotel,29-Nov-07,5
FoggMurphys,Excellent,7-Nov-07,5
contetd,Exceptional Hotel !!!!,29-Oct-07,5
Peter D,can't go wrong here,5-Oct-07,5
cassiopiea,Great Hotel Except for the Shower,23-Sep-07,4
hotelsnobChicago,Definitely worth the money,16-Sep-07,5
dhygiene2,Sensational Romantic Getaway,27-Aug-07,5
AimeeG,Fabulous,27-Aug-07,5
Jancent,Great Hotel,7-Aug-07,4
Omahaguy,One of the best,5-Aug-07,5
travelerspirit7,Absolute perfection,4-Aug-07,5
max88s,Absolutely the best!!!!,31-Jul-07,5
Arlington703,Not Up to Par,22-Jun-07,2
PittPanther,Enjoyed Trump Hotel very much; a few things might annoy others,20-Jun-07,5
jlp75005,great !,11-Jun-07,5
lovetotravel1stclass,Heaven on the park,19-May-07,5
pdiddy97,Beauiful hotel  great room  great service  Not perfect,14-May-07,4
buccsmf1,The trump was OK....,9-May-07,3
rctour,Pampered on the Park,20-Apr-07,5
sukieMonmouthsire,A Lot like Heaven on Central Park!,17-Apr-07,5
poolbard1,Five Star Experience,15-Apr-07,5
LuxuryHotelAdvisor,Stay Away!,20-Feb-07,1
Ortega,Loved the location,19-Jan-07,5
danibrown,Pleasant stay,17-Jan-07,4
bertie,Good,3-Jan-07,3
Hornet22,Little tired,1-Jan-07,3
jmvaad,Very Nice hotel!,27-Dec-06,5
strengthcoach,Shaky at first  but there's a lot to like ...,21-Dec-06,4
KKing94,The bomb!,29-Nov-06,5
George Best,Excellent,18-Nov-06,5
triest,Wonderful hotel. Superb on all levels.,16-Oct-06,5
skrosvik,Best Option In NYC!!!,15-Oct-06,5
bluemax9595,Best Hotel Experience I've Ever Had,14-Oct-06,5
liborman,Great service  style and location,8-Oct-06,5
LISAandRANDY,Don't Stay Anywhere Else!!!,26-Aug-06,5
moohead,Wonderful Experience,21-Aug-06,5
JessNewcastle,Loved it.,17-Aug-06,5
kdsa,expected more,13-Aug-06,4
pinkorigami,Overall great experience,31-Jul-06,4
RichardBristol,Trump Tastic - Loved it,21-Jul-06,5
Joni L,We love the Trump,4-Jul-06,5
Vnyrdr,Stellar Experience,31-May-06,5
DonnaMaree,Wonderful,23-May-06,5
NYC_Tourist,Flawless!,8-May-06,5
travelhounds,Very nice but not perfect,27-Feb-06,4
Plan4it,Great choice in NYC,10-Jan-06,5
sc_UK,Couldn't fault it.,4-Jan-06,5
A TripAdvisor Member,The Trump was a Flump!,1-Jan-06,1
A TripAdvisor Member,Service  Service  Service,7-Dec-05,5
grandtraveler,Fabulous Suite!,28-Nov-05,5
FlyOneWorld,Not 5 Star,19-Nov-05,3
A TripAdvisor Member,Like Royalty!,18-Nov-05,5
A TripAdvisor Member,Perfect Luxury Family Hotel,6-Nov-05,5
skiang,Best hotel in NYC,25-Oct-05,5
bjorkebo73,GREAT,23-Oct-05,5
ladybug5,Trump International Hotel and Towers Outstanding,10-Oct-05,5
A TripAdvisor Member,WOW ! Everything is Just so well done,4-Oct-05,5
Geej,Great Family Apprentice Weekend,3-Oct-05,5
MarkfromCA,Finally an American hotel with top Asian service,28-Sep-05,5
Lungitude,good quality hotel,26-Sep-05,4
nomoo,Great location & views  spacious rooms  good service,12-Aug-05,5
LLouise,Living in Luxury,7-Aug-05,5
Trixiecat,Not sure it was worth it,27-Jul-05,3
A TripAdvisor Member,Spectacular Service at the Trump,14-Jul-05,5
swanchat,Location  Location...Service  Service!,3-Jul-05,5
joriley2001,Pampered,27-Jun-05,5
A TripAdvisor Member,Excellent Location  Fantastic Staff  Luxurious Environment,10-Jun-05,5
lillious,Disappointing,18-May-05,3
A TripAdvisor Member,Trump Towers is the Best!!,16-May-05,4
First_Wandering_Brit,Trump NY Spring 05,2-May-05,4
Shoreview,Super Service,5-Apr-05,4
A TripAdvisor Member,Best kept secret,16-Mar-05,5
beigekc13,Mediocre at best. Should be removed from AM EX Fine Hotels List!,13-Mar-05,2
A TripAdvisor Member,Expensive and superb!,20-Feb-05,5
kevnick80,Amazing,19-Jan-05,5
A TripAdvisor Member,Trump ---- impectable hospitality service and excellent design,17-Jan-05,5
lizalev,perfect for families,17-Jan-05,4
SLWATKINS,A wonderful stay,8-Jan-05,5
jad376,They deserve a sixth star!,3-Jan-05,5
andyone,Great for families,2-Jan-05,5
Iggypug,Great hotel,17-Nov-04,5
A TripAdvisor Member,A wonderful hotel for the most finicky traveler,30-Sep-04,5
ahd_plusthree,It Trumps the competition!!!,6-Aug-04,5
A TripAdvisor Member,Perfect,19-Jul-04,5
samiaminla,Fantastic,2-Jul-04,5
A TripAdvisor Member,Wonderful Hotel,5-Jun-04,4
A TripAdvisor Member,Heaven On Earth,29-Apr-04,5
jjinfoothills,Very Nice  but we didn't fit in and the staff made it obvious.,15-Mar-04,2
Susan34496,Loved the Trump,29-Dec-03,5
A TripAdvisor Member,The Best!,3-Nov-03,5
A TripAdvisor Member,Great Hotel,19-Sep-03,5
A TripAdvisor Member,New York's best kept secret.,15-Sep-03,5